id,target
c0f722661,-0.7884277333411154
f0953f0a5,-0.9199022622841335
0df072751,-0.7195616005116854
04caf4e0c,-0.30894968244142573
0e63f8bea,-1.8956373147506718
12537fe78,-0.5082667090749147
965e592c0,-0.401770603119457
