id,target
c0f722661,-0.49241403697474206
f0953f0a5,-0.4641485992368164
0df072751,-0.38192988387694315
04caf4e0c,-2.0920207909923785
0e63f8bea,-1.715338524316035
12537fe78,-0.8241352193077174
965e592c0,0.48431913004407745
